advertising_investment,units_sold
38.81,1782
22.22,926
43.0,1809
35.02,1089
5.16,143
48.79,1930
38.18,1410
39.41,1725
6.84,680
22.79,810
18.85,711
46.37,1917
32.37,1592
41.23,1503
22.45,1010
11.75,840
27.95,934
3.66,67
41.47,1632
31.77,1249
38.03,1687
18.05,842
48.55,1699
44.71,1896
39.03,1517
10.13,696
23.6,923
2.67,126
8.14,510
34.31,1538
37.37,1607
48.39,1706
16.63,833
18.84,681
23.74,1057
9.88,282
6.93,450
24.05,913
11.73,373
33.66,1506
22.14,998
41.72,1613
35.16,1674
15.96,660
41.7,1709
40.34,1693
19.68,775
14.77,752
34.28,1343
7.42,340
10.4,720
0.86,0
39.45,1257
33.41,1631
35.41,1848
39.15,1547
23.22,712
28.65,1162
7.42,359
6.17,326
33.59,1229
23.82,1112
28.48,1281
38.37,1354
31.92,1438
27.9,1488
28.18,1217
15.55,660
2.03,176
22.12,1053
11.12,283
20.72,932
42.74,1686
12.08,856
3.39,223
14.43,919
15.03,526
33.26,1472
28.07,1235
39.3,1483
33.38,1415
20.62,1085
40.79,1621
8.77,199
1.62,179
4.96,173
36.26,1447
23.36,995
8.48,186
25.3,839
8.04,498
34.97,1370
22.58,593
19.36,973
15.42,747
31.7,1218
18.41,622
4.84,429
6.34,413
48.11,2306
45.47,1911
35.14,1513
13.66,614
48.47,2084
39.05,1698
35.99,1675
22.74,906
13.98,586
5.27,248
45.18,1955
23.06,1221
10.52,451
15.64,651
29.17,1276
9.25,435
42.9,1893
38.05,1228
36.11,1368
21.89,834
31.55,971
29.41,1093
32.67,1224
4.68,268
21.08,1088
2.56,181
24.95,913
16.83,751
7.65,568
5.62,187
29.59,1108
8.94,544
46.29,1846
29.26,1329
17.67,789
29.75,1356
1.63,27
47.95,1940
24.37,1014
39.25,1429
4.6,60
24.59,1157
24.79,1009
46.92,1750
28.8,1200
23.94,1199
13.72,299
16.91,538
26.27,980
22.23,1184
1.57,222
41.4,1808
44.86,1654
7.44,235
27.92,1248
5.87,352
33.78,1486
14.42,640
33.14,1421
36.49,1530
38.55,1702
5.83,463
45.84,1619
11.9,235
2.35,360
27.97,1361
18.86,684
41.57,1421
40.51,1674
16.2,875
47.67,2201
14.9,764
26.0,1052
13.17,486
46.83,1901
8.65,404
2.72,71
22.04,1265
49.62,2273
44.64,1987
37.56,1409
44.59,1943
44.73,1916
26.18,1181
16.14,921
38.71,1686
33.25,1495
19.0,938
5.18,368
37.47,1276
13.49,645
46.87,1818
12.43,400
6.58,622
41.64,1962
8.09,631
9.37,514
30.17,1469
43.79,1786
10.22,539
15.86,559
38.98,1661
48.61,1976
25.29,886
7.62,402
1.19,153
11.87,841
7.03,521
34.04,1415
6.53,405
25.56,1098
34.87,1415
29.27,1070
10.39,492
40.3,1539
35.91,1297
37.08,1606
6.99,444
6.63,104
46.41,1865
20.18,1036
15.4,864
24.68,1212
33.31,1392
47.8,1810
14.68,515
46.28,1930
1.73,243
27.98,1376
31.88,1496
5.74,318
7.45,216
21.25,880
48.33,1989
30.0,1230
46.68,1807
40.32,1690
23.64,943
39.35,1521
1.38,219
5.9,284
41.56,1736
39.94,1679
12.02,406
26.77,1065
30.5,1495
43.45,1597
30.35,956
20.92,636
19.02,847
21.58,945
32.77,1348
43.44,1953
22.97,592
12.77,665
12.21,818
37.43,1373
40.92,1618
5.71,224
3.79,130
29.92,1208
7.74,628
41.32,1966
15.86,672
7.62,695
46.09,1877
8.69,713
14.59,660
8.1,447
6.22,411
1.55,656
3.24,371
9.14,361
3.14,385
29.76,1197
34.2,1346
19.98,1016
16.24,742
25.47,1130
43.81,1787
42.63,1790
2.65,284
9.48,190
12.22,684
12.84,461
28.78,997
21.1,913
2.94,244
18.99,738
26.43,1249
5.53,129
41.76,1646
3.07,149
46.28,1872
5.41,367
42.26,1575
45.18,1945
48.99,1991
40.2,1364
39.08,1311
32.3,1346
39.06,1571
7.16,377
27.04,1143
25.95,1140
42.95,1894
23.41,843
19.56,687
32.16,1178
13.69,684
7.42,589
24.15,973
21.14,548
12.01,321
18.69,705
18.64,745
16.71,694
19.28,858
34.44,1382
15.2,855
47.47,1822
45.86,1733
24.31,1116
16.75,526
27.0,1204
42.5,1750
32.8,1344
40.32,1890
26.87,1048
31.83,1639
14.76,647
36.88,1330
10.52,530
34.89,1284
43.11,1645
7.04,447
30.91,1378
5.21,225
36.42,1652
4.68,471
46.83,2115
7.3,477
47.96,2147
40.14,1363
29.89,1208
39.24,1481
39.86,1653
47.33,1833
13.04,591
29.71,1531
5.2,292
31.0,1360
8.98,426
28.47,1213
28.84,1217
23.57,1083
26.37,1297
38.31,1823
40.06,1689
24.86,1153
30.18,1094
46.6,1878
6.43,505
6.3,489
4.84,336
33.06,1509
21.22,1000
38.83,1776
33.73,1445
17.02,713
44.97,1879
38.25,1134
13.89,705
18.53,277
16.06,472
8.3,503
7.82,489
46.84,1726
22.18,856
19.47,1065
36.62,1439
27.87,1515
46.84,1900
39.12,1668
24.23,1283
19.13,867
49.34,1845
36.03,1473
47.58,1923
6.36,157
42.6,1700
32.04,1226
6.54,507
29.62,1251
34.46,1387
1.11,146
22.99,1027
41.36,1784
15.12,545
23.2,845
22.39,1137
15.45,645
45.96,1654
39.17,1675
5.97,416
49.85,1785
44.02,1827
14.55,783
41.93,1769
5.77,434
49.96,1808
33.45,1441
32.68,1316
4.98,237
44.9,1957
1.94,416
12.42,861
7.58,605
38.95,1584
10.31,565
45.58,1967
32.99,1392
2.29,227
0.77,273
3.06,227
30.49,1169
40.17,1584
12.31,683
42.55,1737
3.33,298
40.15,1746
46.43,1828
38.72,1705
35.06,1509
41.98,1530
2.49,431
10.49,444
6.68,126
25.47,931
37.39,1388
31.69,1332
42.63,1699
8.18,380
36.86,1614
10.06,553
13.9,696
35.64,1536
49.02,2075
30.77,973
3.2,187
31.01,971
2.6,224
44.27,1802
35.62,1630
9.07,643
5.04,342
9.58,409
49.01,2055
23.2,922
39.31,1614
32.0,1484
28.83,1132
7.68,533
47.33,2020
15.42,563
29.11,1372
35.14,1560
32.64,1376
47.06,1794
7.85,289
25.66,1014
20.5,980
23.97,888
6.4,429
7.14,205
14.26,631
15.58,728
21.68,1311
30.74,1082
31.91,1553
20.88,936
20.73,969
11.27,566
29.62,1312
16.19,712
2.28,425
21.21,858
23.97,1201
11.67,467
28.84,1207
28.51,1043
35.25,1528
32.57,1574
32.8,1355
16.15,704
39.48,1453
27.68,1137
21.86,712
31.49,1180
18.35,851
25.88,1301
36.97,1946
44.38,1718
46.09,2087
25.43,1123
26.25,1095
40.09,1708
16.07,740
41.95,1731
24.96,1007
6.23,147
4.07,43
42.18,1821
3.25,202
14.39,577
17.04,769
9.06,584
16.04,757
37.26,1437
1.23,351
41.45,1932
42.9,1824
18.93,985
8.1,614
30.24,1439
6.42,456
18.56,915
47.94,2020
49.78,1847
38.72,1696
15.89,520
34.54,1313
35.42,1661
19.7,995
32.22,1567
1.03,118
10.85,359
26.49,1091
8.61,462
8.71,463
41.9,1882
49.46,1945
28.02,1238
42.03,1569
49.52,2069
7.51,406
22.69,870
19.93,842
4.46,262
37.89,1519
21.97,1221
23.73,1007
7.96,386
9.46,165
45.4,1711
2.71,184
12.03,474
14.96,896
24.76,1036
29.53,1435
24.92,1076
4.66,303
12.56,584
42.26,1726
32.06,1596
32.63,1012
33.68,1100
38.26,1492
3.38,251
18.65,932
27.21,1225
17.25,718
42.3,1880
24.39,1201
38.55,1613
42.67,1886
25.49,1130
45.52,1766
29.56,1348
42.59,1755
17.36,780
25.19,1298
26.8,771
5.7,124
20.23,711
45.91,1810
31.73,1288
9.29,247
17.27,628
9.98,370
1.73,554
46.41,2154
22.69,920
15.72,663
30.12,1092
0.86,0
14.26,644
35.3,1312
31.87,1318
49.1,1746
31.21,1192
